Age,Growth,Shoe size,Course number,Year of birth,Friend number,Russian rating,Maths rating,Physics rating,Computer science rating,Chemistry rating,Literature rating,History rating,Geography rating,Biology rating,Foreign language rating,Social science rating,Distance to home km,Minutes to first class,Children number,Removed teeth,Weight,Glasses,Sex,Problems in last semester,Coin,Rock paper scissors,Animal,Month of birthday,Your rating in university,Fastfood,Height of 5000 mm,Width of 5000 mm,Putin age,Army,Hostel,Hair length,Floor number,Social network duration min,Chocolate,City population,Strange people,Your insitute,Brother-sister,Plane seat,MIddle and index finger,Middle and ring finger,Middle and little finger
20,170,40,2,2002,100,85,86,0,84,0,0,0,0,0,0,0,0,150,4,0,64,да,женский,нет,Орел,Камень,Кошек,6,выше средней по университету,Бургер кинг,100,200,68,не призовут (по разным причинам),нет,50,7,45,Сникерс,800000,Экономический,Математический и ИТ,нет ни брата ни сестры,У окна (пардон: у иллюминатора),20,10,40
22,191,43,7,2000,307,69,74,64,72,0,0,0,0,0,0,0,0,50,,,73,простите. не увидел(а) вопроса )))),мужской,нет,Орел,Камень,Собак,4,ниже средней по университету,KFC,50,8,53,не призовут (по разным причинам),нет,7,5,180,КитКат,800000,Математический и ИТ,Математический и ИТ,есть и брат и сестра,В середине,5,5,20
21,172,41,4,2000,186,78,62,0,0,0,0,0,0,0,0,70,0,80,2,0,60,да,мужской,нет,Решка,Ножницы,Собак,8,выше средней по университету,Макдональдс (или как он там сейчас называется?),75,170,69,могут призвать,нет,4,7,90,КитКат,770000,Педагогический,Другое,есть брат,У окна (пардон: у иллюминатора),13,10,26
19,168,38,2,2003,604,72,0,0,0,0,0,98,0,0,0,91,640,40,2,0,59,нет,женский,нет,Решка,Ножницы,Собак,1,выше средней по университету,Макдональдс (или как он там сейчас называется?),50,100,70,не призовут (по разным причинам),нет,20,5,200,Баунти,900000,СоцГум,Юридический,есть сестра,У окна (пардон: у иллюминатора),12,13.5,35
23,159,36,1,1998,144,0,0,0,0,0,0,0,0,0,0,0,2505,40,2.5,1,57,нет,женский,нет,Орел,Бумага,Кошек,12,выше средней по университету,Бургер кинг,35,120,67,не призовут (по разным причинам),нет,55,3,400,Баунти,860000,Педагогический,Педагогический,есть сестра,У окна (пардон: у иллюминатора),10,11,22
18,177,40,2,2003,100,70,68,0,75,0,0,0,0,0,83,0,1000,60,,2,50,нет,мужской,да,Орел,Ножницы,Кошек,10,ниже средней по университету,KFC,50,11,66,могут призвать,нет,25,10,250,Сникерс,1200000,СоцГум,Математический и ИТ,есть брат,У окна (пардон: у иллюминатора),12,7,30
18,180,42,0,2004,0,66,4,0,0,0,0,0,0,0,63,65,330,60,,,55,да,мужской,нет,Орел,Камень,Собак,3,выше средней по университету,KFC,60,200,67,не призовут (по разным причинам),нет,10,1,30,Сникерс,700000,Педагогический,Юридический,есть брат,У окна (пардон: у иллюминатора),5,30,35
19,180,48,1,2003,5,72,0,0,0,0,0,59,0,0,0,79,0,75,2,0,120,да,мужской,да,Орел,Камень,Кошек,4,выше средней по университету,Бургер кинг,60,180,67,могут призвать,нет,20,4,240,Баунти,880000,Естественный (биология-химия-физика-технари),Юридический,есть брат,У окна (пардон: у иллюминатора),7,5,25
20,185,46,3,2002,28,87,76,0,0,0,0,61,0,0,0,94,200,70,0,3,69,да,мужской,нет,Решка,Камень,Кошек,3,выше средней по университету,KFC,0,0,71,не призовут (по разным причинам),нет,25,3,120,Скиттлс (хотя это и не шоколадка),800000,Естественный (биология-химия-физика-технари),Экономический,есть брат,В середине,5,3,15
22,168,38,6,2000,297,71,5,0,0,0,69,71,0,0,69,0,3000,160,5,,58,нет,женский,нет,Решка,Ножницы,Кошек,5,выше средней по университету,Макдональдс (или как он там сейчас называется?),650,150,67,не призовут (по разным причинам),нет,45,2,40,Милки Вей,860,Математический и ИТ,СоцГум,есть брат,У окна (пардон: у иллюминатора),15,10,40
20,158,35,4,2001,1000,85,72,0,0,72,0,0,0,64,0,0,0,60,3,0,47,да,женский,нет,Орел,Камень,Кошек,10,выше средней по университету,Макдональдс (или как он там сейчас называется?),70,190,69,не призовут (по разным причинам),нет,50,3,600,КитКат,800000,Педагогический,Естественный (биология-химия-физика-технари),есть и брат и сестра,У прохода,10,9,15
19,183,44,2,2002,40,5,5,0,6,0,0,0,0,0,0,0,1200,120,6,3,98,простите. не увидел(а) вопроса )))),мужской,да,Орел,Бумага,Ненавижу этих животных,12,ниже средней по университету,Макдональдс (или как он там сейчас называется?),60,120,69,могут призвать,нет,1,3,300,КитКат,880000,Математический и ИТ,Математический и ИТ,нет ни брата ни сестры,У окна (пардон: у иллюминатора),9,10,15
21,169,39,4,2001,150,68,27,0,0,0,0,45,0,0,0,67,0,40,1,0,,да,женский,нет,Орел,Ножницы,Собак,6,выше средней по университету,Макдональдс (или как он там сейчас называется?),10,20,72,не призовут (по разным причинам),нет,20,10,240,M&Ms,800,Педагогический,Экономический,есть сестра,В середине,9,11,25
20,164,40,4,2001,30,86,0,0,0,0,70,0,0,0,0,56,0,100,1,,,да,женский,нет,Орел,Камень,Кошек,9,выше средней по университету,Макдональдс (или как он там сейчас называется?),60,100,69,не призовут (по разным причинам),нет,50,8,300,Натс,800000,Математический и ИТ,СоцГум,нет ни брата ни сестры,У окна (пардон: у иллюминатора),8,10,30
21,183,42,4,2000,89,83,70,69,73,0,0,0,0,0,0,0,0,180,,,,,мужской,нет,Орел,Камень,Собак,12,выше средней по университету,Макдональдс (или как он там сейчас называется?),55,95,72,могут призвать,нет,30,7,2,Сникерс,1200000,Математический и ИТ,Математический и ИТ,есть брат,У окна (пардон: у иллюминатора),11,6,30
20,166,40,3,2002,154,93,93,0,0,0,0,0,0,0,0,89,336,50,,0,48,нет,женский,нет,Решка,Ножницы,Кошек,1,ниже средней по университету,Бургер кинг,70,120,80,не призовут (по разным причинам),да,23,3,180,КитКат,90,Естественный (биология-химия-физика-технари),Математический и ИТ,есть сестра,У окна (пардон: у иллюминатора),10,9,30
18,185,45,1,2003,223,64,62,59,85,0,0,0,0,0,0,0,0,30,0,0,64,простите. не увидел(а) вопроса )))),мужской,нет,Орел,Ножницы,Собак,12,выше средней по университету,Бургер кинг,55,170,68,могут призвать,нет,4,5,360,Сникерс,82000,Математический и ИТ,Математический и ИТ,есть сестра,У окна (пардон: у иллюминатора),13,11,40
19,183,43,2,2003,367,78,76,0,0,59,0,0,0,0,0,0,3000,15,1,,60,нет,мужской,нет,Орел,Ножницы,Собак,4,выше средней по университету,Бургер кинг,100,400,67,не призовут (по разным причинам),нет,1.5,9,540,Твикс,1300000,Математический и ИТ,Математический и ИТ,есть сестра,У окна (пардон: у иллюминатора),12,8,43
21,167,38,3,2001,200,60,64,0,50,0,0,0,0,0,0,0,0,100,1,,53,нет,женский,нет,Решка,Камень,Кошек,3,выше средней по университету,KFC,65,160,68,не призовут (по разным причинам),нет,50,12,200,КитКат,87,Математический и ИТ,Математический и ИТ,есть сестра,У окна (пардон: у иллюминатора),30,15,38
21,164,38,3,2001,526,79,79,72,78,0,0,0,0,0,0,0,0,120,3,0,59,да,женский,нет,Решка,Камень,Собак,4,выше средней по университету,KFC,50,15,66,не призовут (по разным причинам),нет,40,4,180,Баунти,880000,Естественный (биология-химия-физика-технари),Математический и ИТ,есть сестра,У окна (пардон: у иллюминатора),2,1,4
21,186,45,3,2001,182,70,64,60,73,0,0,0,0,0,0,0,60,20,2,0,93,нет,мужской,нет,Орел,Ножницы,Кошек,1,выше средней по университету,KFC,50,120,99,могут призвать,нет,20,3,180,Марс,1200000,Математический и ИТ,Математический и ИТ,есть брат,У окна (пардон: у иллюминатора),10,8,40
21,168,38,3,2001,101,72,62,0,78,0,0,0,0,0,0,0,0,40,0,0,55,да,женский,нет,Орел,Камень,Кошек,7,выше средней по университету,Макдональдс (или как он там сейчас называется?),38,102,70,не призовут (по разным причинам),нет,23,4,50,Сникерс,600000,Педагогический,Математический и ИТ,есть брат,У окна (пардон: у иллюминатора),6,6,18
22,158,38,4,2000,568,80,76,61,57,0,0,0,0,0,0,0,0,52,2,4,56,да,женский,нет,Решка,Бумага,Собак,4,выше средней по университету,Макдональдс (или как он там сейчас называется?),70,150,70,не призовут (по разным причинам),нет,90,9,330,Баунти,600000,Юридический,Математический и ИТ,есть сестра,У окна (пардон: у иллюминатора),12,11,25
20,188,42,3,2002,100,87,80,0,83,0,0,0,0,0,0,0,600,60,3,0,65,да,мужской,нет,Орел,Камень,Кошек,7,выше средней по университету,Макдональдс (или как он там сейчас называется?),60,140,62,не призовут (по разным причинам),нет,7,5,120,Сникерс,120000,Математический и ИТ,Математический и ИТ,есть и брат и сестра,У прохода,6,2,25
20,177,44,3,2002,28,91,78,0,92,0,0,0,0,0,0,0,22,90,0,,65,нет,мужской,нет,Орел,Бумага,Кошек,3,ниже средней по университету,Макдональдс (или как он там сейчас называется?),90,220,65,могут призвать,нет,12,5,120,Сникерс,1100000,СоцГум,Математический и ИТ,есть сестра,У окна (пардон: у иллюминатора),18,4,30
22,164,39,1,2000,194,78,80,0,91,0,0,0,0,0,0,0,0,90,0,0,70,нет,женский,нет,Решка,Бумага,Кошек,3,выше средней по университету,KFC,50,120,67,не призовут (по разным причинам),нет,20,17,300,КитКат,800000,Естественный (биология-химия-физика-технари),Математический и ИТ,нет ни брата ни сестры,У окна (пардон: у иллюминатора),7,6,20
18,163,36,1,2004,110,98,88,0,88,0,0,0,0,0,0,0,400,40,1,2,60,да,женский,нет,Решка,Камень,Собак,1,выше средней по университету,KFC,90,150,68,не призовут (по разным причинам),да,30,1,1000,Натс,1000000,Математический и ИТ,Математический и ИТ,есть сестра,У окна (пардон: у иллюминатора),10,12,35
19,193,48,2,2003,110,86,84,0,88,0,0,0,0,0,0,0,1000,90,1,1,61,да,мужской,нет,Орел,Ножницы,Кошек,4,выше средней по университету,KFC,60,150,70,могут призвать,нет,3,3,300,Марс,886000,СоцГум,Математический и ИТ,есть брат,У окна (пардон: у иллюминатора),11,14,45
20,163,38,3,2001,225,80,86,0,88,0,0,0,0,0,86,0,0,90,0,2,90,да,женский,нет,Орел,Камень,Кошек,12,выше средней по университету,KFC,50,150,70,не призовут (по разным причинам),нет,20,5,900,Твикс,900000,Математический и ИТ,Математический и ИТ,нет ни брата ни сестры,У окна (пардон: у иллюминатора),7,10,30
19,168,38,5,2003,97,87,85,0,98,0,0,0,0,0,0,0,0,90,,,,простите. не увидел(а) вопроса )))),женский,нет,Орел,Ножницы,Собак,1,выше средней по университету,Макдональдс (или как он там сейчас называется?),70,100,69,не призовут (по разным причинам),нет,35,16,125,Сникерс,900,Математический и ИТ,Математический и ИТ,есть сестра,У окна (пардон: у иллюминатора),5,10,25
19,181,42,2,2003,216,91,82,0,88,0,0,0,0,0,0,0,0,40,,,70,да,мужской,нет,Орел,Ножницы,Ненавижу этих животных,1,выше средней по университету,Бургер кинг,40,100,69,могут призвать,нет,3,1,480,Твикс,820000,Математический и ИТ,Математический и ИТ,есть брат,У окна (пардон: у иллюминатора),10,80,35
22,170,39,2,2000,125,91,78,0,81,0,0,0,0,0,0,69,0,180,2,0,65,да,женский,нет,Решка,Ножницы,Собак,1,выше средней по университету,KFC,70,170,69,не призовут (по разным причинам),нет,40,2,1000,Марс,800000,Математический и ИТ,Математический и ИТ,есть сестра,У окна (пардон: у иллюминатора),20,10,15
23,164,39,7,1998,50,84,76,0,68,0,0,0,0,0,0,72,0,40,,0,,да,женский,нет,Решка,Камень,Собак,10,выше средней по университету,Бургер кинг,100,180,73,не призовут (по разным причинам),нет,48,6,180,Баунти,890000,Педагогический,Математический и ИТ,есть брат,У окна (пардон: у иллюминатора),12,7,25
22,188,44,4,2000,165,71,70,66,61,0,0,0,0,0,79,0,0,60,2,0,95,нет,мужской,нет,Орел,Бумага,Кошек,4,выше средней по университету,Бургер кинг,50,175,71,не призовут (по разным причинам),нет,10,8,120,КитКат,850000,Математический и ИТ,Математический и ИТ,есть брат,У окна (пардон: у иллюминатора),10,6,19
19,155,37,1,2003,53,72,74,0,64,0,0,0,0,0,0,0,1233,60,1,,,да,женский,нет,Орел,Камень,Собак,11,выше средней по университету,KFC,80,150,68,не призовут (по разным причинам),нет,20,12,1000,Твикс,120000,Естественный (биология-химия-физика-технари),Математический и ИТ,нет ни брата ни сестры,У прохода,5,10,50
22,185,44,4,200,87,95,50,0,62,0,0,0,0,0,0,0,1111,60,2,5,64,нет,мужской,нет,Орел,Камень,Кошек,7,выше средней по университету,KFC,75,155,70,не призовут (по разным причинам),нет,0.7,19,100,Сникерс,880000,Математический и ИТ,Математический и ИТ,есть сестра,У прохода,5,9,25
19,177,42,3,2003,92,85,80,0,82,0,0,0,0,0,0,0,0,30,,,65,нет,мужской,нет,Орел,Ножницы,Кошек,2,ниже средней по университету,Бургер кинг,5,120,70,не призовут (по разным причинам),нет,3,15,90,Баунти,800000,Математический и ИТ,Математический и ИТ,есть брат,У окна (пардон: у иллюминатора),8,8,20
25,158,35,7,1997,73,93,62,0,95,0,0,0,0,0,0,0,800,30,2,1,60,нет,женский,нет,Решка,Ножницы,Кошек,2,выше средней по университету,KFC,50,150,70,не призовут (по разным причинам),нет,60,8,60,Твикс,1000000,Естественный (биология-химия-физика-технари),Математический и ИТ,есть сестра,У окна (пардон: у иллюминатора),5,10,25
20,162,37,4,2002,22,80,5,0,0,0,0,0,0,54,0,86,0,90,1,0,53,нет,женский,нет,Решка,Камень,Кошек,4,выше средней по университету,Макдональдс (или как он там сейчас называется?),100,200,70,не призовут (по разным причинам),нет,50,5,4000,Натс,700000,Математический и ИТ,Педагогический,есть брат,У окна (пардон: у иллюминатора),3,5,20
21,186,44,4,2000,150,90,55,0,51,0,0,0,0,0,0,0,0,60,2,0,84,простите. не увидел(а) вопроса )))),мужской,да,Орел,Ножницы,Кошек,12,выше средней по университету,Макдональдс (или как он там сейчас называется?),65,180,850,могут призвать,нет,8,3,120,Марс,860,Математический и ИТ,Математический и ИТ,нет ни брата ни сестры,У окна (пардон: у иллюминатора),8,14,40
22,165,39,1,2000,32,96,72,0,79,0,0,0,0,0,0,0,0,40,2,0,59,да,женский,да,Решка,Бумага,Кошек,6,ниже средней по университету,KFC,65,150,69,не призовут (по разным причинам),нет,45,8,240,Баунти,870000,Математический и ИТ,Математический и ИТ,есть брат,У окна (пардон: у иллюминатора),7,9,43
20,161,37,4,2001,221,91,70,0,0,0,0,0,0,0,0,71,1000,30,2,1,75,да,женский,нет,Орел,Ножницы,Кошек,8,выше средней по университету,KFC,74,128,70,не призовут (по разным причинам),нет,20,3,260,КитКат,780000,Математический и ИТ,Математический и ИТ,есть и брат и сестра,У окна (пардон: у иллюминатора),10,13,40
18,185,39,2,2003,181,94,74,0,85,0,0,0,0,0,0,0,1100,30,1,0,68,нет,женский,нет,Орел,Камень,Собак,11,выше средней по университету,Макдональдс (или как он там сейчас называется?),50,150,69,не призовут (по разным причинам),да,45,2,240,Сникерс,900000,Естественный (биология-химия-физика-технари),Математический и ИТ,есть брат,У окна (пардон: у иллюминатора),10,15,35
18,170,39,2,2003,20,90,86,0,95,0,0,0,0,0,0,0,0,120,0,0,48,да,женский,нет,Решка,Ножницы,Кошек,8,выше средней по университету,Бургер кинг,60,140,72,не призовут (по разным причинам),нет,20,5,387,Милки Вей,800000,СоцГум,Математический и ИТ,есть брат,У окна (пардон: у иллюминатора),5,10,18
21,181,42,7,2001,30,82,72,0,73,0,0,0,0,0,0,0,2200,140,0,3,68,нет,мужской,нет,Орел,Бумага,Кошек,4,выше средней по университету,Макдональдс (или как он там сейчас называется?),45,105,61,могут призвать,нет,2,11,120,Натс,800000,Естественный (биология-химия-физика-технари),Математический и ИТ,есть брат,У окна (пардон: у иллюминатора),5,10,30
20,183,44,3,2002,361,67,74,58,72,0,0,0,0,0,0,0,0,70,0,0,72,нет,мужской,да,Орел,Бумага,Собак,6,ниже средней по университету,KFC,60,150,63,не призовут (по разным причинам),нет,17,4,1000,Милки Вей,1150000,Математический и ИТ,Математический и ИТ,есть брат,У окна (пардон: у иллюминатора),15,7,30
18,180,42,1,2003,120,86,82,0,93,0,0,0,0,0,94,0,0,50,0,0,62,да,мужской,нет,Орел,Камень,Кошек,10,выше средней по университету,KFC,50,100,71,могут призвать,нет,5,3,10,M&Ms,800000,Естественный (биология-химия-физика-технари),Математический и ИТ,нет ни брата ни сестры,У окна (пардон: у иллюминатора),15,18,50
18,159,35,1,2004,92,92,92,0,90,0,0,0,0,0,0,0,0,45,0,0,,да,женский,нет,Орел,Камень,Кошек,4,выше средней по университету,Бургер кинг,150,280,67,не призовут (по разным причинам),нет,25,6,256,КитКат,873711,Математический и ИТ,Математический и ИТ,есть брат,У окна (пардон: у иллюминатора),9,8,22
18,176,42,1,2003,266,73,78,0,75,0,0,0,0,0,0,0,0,120,,,58,да,мужской,нет,Орел,Ножницы,Собак,10,выше средней по университету,Макдональдс (или как он там сейчас называется?),58,110,69,не призовут (по разным причинам),нет,10,8,560,Сникерс,796000,Математический и ИТ,Математический и ИТ,есть и брат и сестра,У окна (пардон: у иллюминатора),12,10,35
19,172,38,3,2002,130,89,82,62,84,0,0,0,0,0,0,0,0,120,3,0,62,да,женский,нет,Орел,Камень,Кошек,8,выше средней по университету,Макдональдс (или как он там сейчас называется?),75,160,70,не призовут (по разным причинам),нет,55,2,400,КитКат,820000,Математический и ИТ,Математический и ИТ,есть сестра,У окна (пардон: у иллюминатора),11,8,40
22,178,42,7,2000,123,80,90,76,0,0,0,0,0,0,0,0,0,100,2,0,70,нет,мужской,нет,Орел,Ножницы,Кошек,2,выше средней по университету,Макдональдс (или как он там сейчас называется?),50,100,83,не призовут (по разным причинам),нет,20,9,200,Твикс,700000,Естественный (биология-химия-физика-технари),Математический и ИТ,нет ни брата ни сестры,У окна (пардон: у иллюминатора),10,8,30
18,175,41,2,2003,50,71,70,0,0,60,0,0,0,78,0,0,1000,15,2,0,75,нет,женский,нет,Орел,Ножницы,Ненавижу этих животных,10,ниже средней по университету,KFC,70,185,70,не призовут (по разным причинам),нет,43,4,180,Натс,700000,Математический и ИТ,Математический и ИТ,есть брат,У окна (пардон: у иллюминатора),8,11,36
19,163,35,2,2002,55,98,84,0,96,0,0,0,0,0,0,0,1005,60,0,0,53,да,женский,нет,Орел,Камень,Собак,10,выше средней по университету,KFC,50,100,69,не призовут (по разным причинам),нет,55,14,240,Твикс,1300000,Естественный (биология-химия-физика-технари),Математический и ИТ,есть брат,У прохода,6,5,15
19,156,37,2,2003,132,86,78,0,78,0,0,0,0,0,0,62,174,60,,,48,нет,женский,нет,Орел,Ножницы,Собак,6,выше средней по университету,Бургер кинг,60,180,60,не призовут (по разным причинам),нет,40,4,300,M&Ms,650000,Естественный (биология-химия-физика-технари),Математический и ИТ,есть брат,У окна (пардон: у иллюминатора),11,15,42
21,167,39,4,2000,500,78,69,0,0,0,0,0,0,0,0,90,1200,30,2,2,,нет,женский,нет,Орел,Камень,Собак,8,выше средней по университету,KFC,50,120,68,не призовут (по разным причинам),нет,20,17,120,КитКат,900000,Педагогический,Математический и ИТ,есть сестра,У окна (пардон: у иллюминатора),10,10,40
22,180,45,4,1999,118,81,76,74,78,0,0,0,0,0,0,0,250,30,3,0,92,да,мужской,нет,Решка,Ножницы,Кошек,12,выше средней по университету,KFC,100,140,70,могут призвать,нет,0.2,4,3,КитКат,700000,Математический и ИТ,Математический и ИТ,есть брат,У окна (пардон: у иллюминатора),20,10,40
21,163,38,37,2001,66,94,74,64,81,0,0,0,0,0,0,0,0,60,,0,58,нет,женский,нет,Орел,Бумага,Кошек,1,выше средней по университету,KFC,50,140,60,не призовут (по разным причинам),нет,40,8,160,Милки Вей,800000,Математический и ИТ,Математический и ИТ,есть сестра,У окна (пардон: у иллюминатора),11,7,30
19,169,41,1,2002,73,61,50,39,0,6,0,0,0,0,0,0,917,10,,,76,нет,мужской,да,Решка,Бумага,Собак,8,ниже средней по университету,Бургер кинг,76,185,72,не призовут (по разным причинам),нет,27,4,1080,Милки Вей,786893,Математический и ИТ,Математический и ИТ,есть сестра,У окна (пардон: у иллюминатора),10,8,24
23,169,40,4,1999,50,98,74,58,61,0,0,0,0,0,0,0,4000,40,0,0,65,нет,женский,да,Решка,Бумага,Кошек,1,выше средней по университету,KFC,115,199,80,не призовут (по разным причинам),нет,25,5,300,Баунти,700000,Математический и ИТ,Математический и ИТ,есть сестра,У окна (пардон: у иллюминатора),13,17,33
21,170,42,3,2001,519,80,76,0,83,0,0,0,0,0,0,0,950,60,,0,63,нет,мужской,да,Орел,Ножницы,Кошек,6,выше средней по университету,Бургер кинг,80,200,65,могут призвать,нет,35,2,200,Твикс,800000,СоцГум,Математический и ИТ,есть сестра,У прохода,8,11,19
19,170,37,3,2003,150,82,78,0,0,0,0,0,0,0,0,54,0,90,2,0,53,нет,женский,нет,Орел,Бумага,Собак,3,выше средней по университету,Бургер кинг,60,140,70,не призовут (по разным причинам),нет,70,2,60,M&Ms,897433,Математический и ИТ,Математический и ИТ,есть брат,У окна (пардон: у иллюминатора),10,15,40
18,182,43,2,2003,156,80,82,46,0,0,0,0,0,0,0,0,0,60,,,75,нет,мужской,нет,Орел,Ножницы,Собак,10,выше средней по университету,KFC,60,140,67,не призовут (по разным причинам),нет,7,1,90,Твикс,970000,Педагогический,Математический и ИТ,есть брат,В середине,15,4,29
19,187,44,2,2003,139,71,86,0,89,0,0,0,0,0,0,0,0,40,0,0,66,нет,мужской,да,Орел,Камень,Ненавижу этих животных,3,ниже средней по университету,KFC,55,135,66,могут призвать,нет,3,2,3600,Баунти,800000,Математический и ИТ,Математический и ИТ,есть сестра,У прохода,7,6,22
35,180,40,7,1986,100,51,61,0,0,0,0,0,0,0,0,0,20,90,3,2,78,да,женский,нет,Орел,Камень,Кошек,12,ниже средней по университету,Бургер кинг,55,110,69,не призовут (по разным причинам),нет,20,5,60,Сникерс,800000,Педагогический,Математический и ИТ,есть и брат и сестра,У окна (пардон: у иллюминатора),10,5,20
18,178,43,1,2003,130,82,84,0,63,0,0,0,0,0,0,0,1000,60,2,1,58,нет,мужской,нет,Орел,Ножницы,Собак,8,ниже средней по университету,Бургер кинг,60,180,65,не призовут (по разным причинам),нет,12,5,300,Баунти,800,Математический и ИТ,Математический и ИТ,есть брат,У окна (пардон: у иллюминатора),10,8,20
18,166,39,2,2003,185,94,70,54,0,0,0,0,0,0,0,0,589,20,2,0,,нет,женский,нет,Орел,Бумага,Кошек,9,выше средней по университету,KFC,500,120,50,не призовут (по разным причинам),нет,50,9,30,Баунти,840000,Математический и ИТ,Математический и ИТ,есть брат,У окна (пардон: у иллюминатора),10,8,35
22,178,43,7,2000,108,72,45,45,0,0,0,0,0,0,0,58,0,60,,1,78,,мужской,нет,Орел,Бумага,Собак,5,выше средней по университету,KFC,50,120,68,не призовут (по разным причинам),нет,6,15,150,КитКат,600000,Педагогический,Математический и ИТ,нет ни брата ни сестры,В середине,10,8,23
18,180,43,2,2004,153,61,62,56,55,0,0,0,0,0,0,66,1100,60,1,0,65,нет,мужской,нет,Орел,Камень,Кошек,2,выше средней по университету,KFC,60,150,68,не призовут (по разным причинам),нет,5,13,200,Сникерс,700000,Педагогический,Математический и ИТ,есть и брат и сестра,У окна (пардон: у иллюминатора),15,4,30
20,170,40,3,2001,145,91,84,47,0,0,0,0,0,0,0,71,20,90,3,0,,да,женский,нет,Орел,Камень,Собак,8,выше средней по университету,KFC,90,170,67,не призовут (по разным причинам),нет,90,2,1000,КитКат,9.3,Педагогический,Математический и ИТ,нет ни брата ни сестры,У окна (пардон: у иллюминатора),7,6,250
20,181,43,3,2001,102,80,68,0,62,0,0,0,0,0,0,0,800,72,2,0,105,нет,мужской,да,Орел,Бумага,Ненавижу этих животных,11,ниже средней по университету,KFC,40,100,68,не призовут (по разным причинам),нет,3.5,12,2,Баунти,988800,Математический и ИТ,Математический и ИТ,есть и брат и сестра,У прохода,4,3,27
20,163,37,2,2002,64,82,94,0,0,0,0,0,0,0,0,90,0,100,2,0,50,нет,женский,нет,Орел,Ножницы,Кошек,4,выше средней по университету,KFC,90,170,78,не призовут (по разным причинам),нет,60,9,450,КитКат,800000,Естественный (биология-химия-физика-технари),Математический и ИТ,есть и брат и сестра,У окна (пардон: у иллюминатора),15,13,25
20,175,41,2,2002,13,69,50,49,0,0,0,0,0,0,0,0,0,120,1,1,85,да,женский,да,Орел,Камень,Кошек,6,ниже средней по университету,Макдональдс (или как он там сейчас называется?),50,100,99,не призовут (по разным причинам),нет,17,6,600,Сникерс,850000,Математический и ИТ,Математический и ИТ,есть сестра,У окна (пардон: у иллюминатора),10,15,30
19,166,41,3,2003,12,87,76,0,83,0,0,0,0,0,0,0,82,30,0,,83,нет,женский,нет,Орел,Ножницы,Собак,2,ниже средней по университету,Бургер кинг,70,230,62,не призовут (по разным причинам),нет,40,1,1080,Сникерс,800000,Математический и ИТ,Математический и ИТ,есть сестра,У окна (пардон: у иллюминатора),12,12,40
19,187,44,2,2003,60,68,50,52,0,0,0,0,0,0,0,0,400,90,1,0,100,нет,мужской,нет,Орел,Камень,Кошек,2,выше средней по университету,KFC,45,45,68,не призовут (по разным причинам),нет,5,5,80,КитКат,800000,Экономический,Математический и ИТ,есть брат,У окна (пардон: у иллюминатора),7,11,26
18,168,39,2,2003,65,92,90,0,90,0,0,0,0,0,0,0,0,30,3,0,55,да,женский,нет,Решка,Ножницы,Кошек,11,выше средней по университету,KFC,81,140,69,не призовут (по разным причинам),нет,50,10,300,Твикс,790000,Математический и ИТ,Математический и ИТ,есть брат,У окна (пардон: у иллюминатора),4,8,16
18,174,42,2,2003,90,59,72,78,95,0,0,0,0,0,0,0,300,30,0,0,60,да,мужской,нет,Орел,Ножницы,Собак,12,выше средней по университету,Бургер кинг,25,60,75,не призовут (по разным причинам),нет,4,14,10,Натс,1000000,СоцГум,Математический и ИТ,есть брат,В середине,12,5,20
20,184,45,3,2002,100,85,39,0,59,0,0,0,0,0,0,0,100,70,,,,нет,мужской,да,Решка,Бумага,Собак,1,ниже средней по университету,Бургер кинг,70,100,60,не призовут (по разным причинам),нет,20,3,60,Милки Вей,700000,Математический и ИТ,Математический и ИТ,есть брат,У окна (пардон: у иллюминатора),5,3,8
21,174,41,3,2001,40,87,78,0,0,0,0,0,0,0,0,71,0,60,1,0,,нет,женский,нет,Решка,Камень,Кошек,2,выше средней по университету,Бургер кинг,950,1800,65,не призовут (по разным причинам),нет,50,2,300,Твикс,1000000,Педагогический,Математический и ИТ,нет ни брата ни сестры,У прохода,10,14,40
18,170,40,2,2003,102,74,76,60,78,0,0,0,0,0,0,0,900,10,0,0,64,да,мужской,нет,Орел,Камень,Кошек,10,выше средней по университету,Бургер кинг,50,130,70,не призовут (по разным причинам),да,5,7,20,Твикс,700000,Математический и ИТ,Естественный (биология-химия-физика-технари),есть брат,У окна (пардон: у иллюминатора),6,4,12
24,170,39,7,1998,130,70,76,71,0,0,0,0,0,0,0,0,15,60,1,0,62,да,женский,нет,Решка,Камень,Кошек,3,выше средней по университету,KFC,60,150,70,не призовут (по разным причинам),нет,90,11,200,Сникерс,700000,Математический и ИТ,Естественный (биология-химия-физика-технари),есть сестра,У прохода,8,13,40
21,163,37,7,2000,468,67,89,91,0,0,0,0,0,0,0,0,438,10,2.5,0,60,нет,женский,нет,Решка,Ножницы,Собак,9,выше средней по университету,KFC,45,168,72,не призовут (по разным причинам),да,100,5,60,Баунти,800000,Математический и ИТ,Математический и ИТ,нет ни брата ни сестры,У окна (пардон: у иллюминатора),3,6,18
55,160,37,7,1960,2000,0,0,0,0,0,0,0,0,0,0,0,0,3,3,3,3,нет,женский,да,Решка,Бумага,Кошек,12,выше средней по университету,Макдональдс (или как он там сейчас называется?),70,150,68,не призовут (по разным причинам),нет,25,4,300,Милки Вей,800000,СоцГум,Математический и ИТ,есть брат,У окна (пардон: у иллюминатора),10,10,10
27,168,39,7,1995,600,67,66,0,0,0,0,0,0,0,0,84,200,90,1,3,58,нет,женский,нет,Решка,Ножницы,Кошек,6,выше средней по университету,Макдональдс (или как он там сейчас называется?),70,150,69,не призовут (по разным причинам),нет,50,9,180,Баунти,800000,Педагогический,Математический и ИТ,есть брат,У окна (пардон: у иллюминатора),10,10,45
19,184,43,2,2002,219,84,82,0,95,0,0,0,0,0,0,0,180,50,1,0,81,нет,мужской,нет,Орел,Ножницы,Ненавижу этих животных,4,выше средней по университету,KFC,50,165,69,не призовут (по разным причинам),нет,3,2,70,Баунти,850000,Юридический,Математический и ИТ,есть сестра,У окна (пардон: у иллюминатора),12,10,25
19,172,41,3,2003,57,71,74,0,69,0,0,0,0,0,0,0,0,120,1,0,56,нет,мужской,да,Орел,Бумага,Собак,2,выше средней по университету,Макдональдс (или как он там сейчас называется?),50,100,71,могут призвать,нет,15,2,180,Сникерс,900000,Экономический,Математический и ИТ,есть и брат и сестра,У окна (пардон: у иллюминатора),5,8,25
18,168,40,1,2004,200,82,72,0,0,0,0,0,0,0,93,68,0,180,2,0,,да,женский,нет,Орел,Ножницы,Кошек,1,выше средней по университету,Макдональдс (или как он там сейчас называется?),50,100,72,не призовут (по разным причинам),нет,70,2,360,Твикс,900000,Естественный (биология-химия-физика-технари),Математический и ИТ,есть брат,У окна (пардон: у иллюминатора),12,10,37
19,167,38,2,2002,80,96,90,97,92,0,0,0,0,0,0,0,220,120,,0,58,да,женский,нет,Решка,Ножницы,Кошек,11,выше средней по университету,KFC,70,150,65,не призовут (по разным причинам),нет,40,7,300,КитКат,800000,Математический и ИТ,Математический и ИТ,есть сестра,У окна (пардон: у иллюминатора),10,15,40
23,188,44,4,1998,93,88,74,65,0,0,0,0,0,0,0,0,0,90,,3,83,нет,мужской,нет,Орел,Камень,Кошек,9,выше средней по университету,Макдональдс (или как он там сейчас называется?),650,210,78,не призовут (по разным причинам),нет,1.5,3,90,Марс,800000,Математический и ИТ,Математический и ИТ,есть сестра,У окна (пардон: у иллюминатора),20,15,45
21,171,40,3,2000,500,91,5,0,0,0,90,0,0,0,86,79,1300,30,2,1,89,да,женский,да,Решка,Ножницы,Кошек,9,выше средней по университету,KFC,70,120,69,не призовут (по разным причинам),нет,40,6,480,КитКат,800000,СоцГум,СоцГум,нет ни брата ни сестры,У окна (пардон: у иллюминатора),11,13,34
19,178,39,1,2003,519,92,0,0,0,80,0,0,0,86,0,0,256,40,3,0,75,да,женский,нет,Орел,Ножницы,Ненавижу этих животных,2,выше средней по университету,Бургер кинг,700,1500,74,не призовут (по разным причинам),нет,20,8,120,Марс,77,Математический и ИТ,Естественный (биология-химия-физика-технари),есть брат,У окна (пардон: у иллюминатора),15,10,35
21,160,36,4,2000,698,74,36,0,0,0,0,0,0,0,0,86,690,120,1,,54,да,женский,нет,Орел,Камень,Кошек,10,выше средней по университету,KFC,50,180,67,не призовут (по разным причинам),нет,50,8,1000,Твикс,600000,Педагогический,Экономический,нет ни брата ни сестры,У окна (пардон: у иллюминатора),20,20,40
21,178,39,7,2000,160,91,74,59,0,0,0,0,0,0,0,0,5379,90,,2,55,нет,женский,да,Орел,Бумага,Кошек,8,ниже средней по университету,Бургер кинг,55,140,50,не призовут (по разным причинам),нет,30,4,360,Твикс,600000,Математический и ИТ,Математический и ИТ,нет ни брата ни сестры,У окна (пардон: у иллюминатора),5,11,35
20,164,39,4,2001,68,96,5,0,0,0,0,79,0,0,0,86,0,90,2,2,46,нет,мужской,нет,Орел,Камень,Кошек,11,выше средней по университету,Бургер кинг,78,130,69,не призовут (по разным причинам),нет,35,1,1000,КитКат,800000,Математический и ИТ,Юридический,есть и брат и сестра,У прохода,10,8,30
19,173,42,2,2002,237,80,76,41,73,0,0,0,0,0,0,0,365,90,1.5,0,93,нет,мужской,нет,Орел,Ножницы,Собак,8,ниже средней по университету,KFC,35,80,72,могут призвать,нет,8,11,840,Сникерс,900000,Математический и ИТ,Математический и ИТ,есть сестра,У окна (пардон: у иллюминатора),12,5,28
18,158,36,1,2003,250,98,0,0,0,0,90,0,0,0,0,83,100,60,1.5,,53,да,женский,нет,Решка,Камень,Кошек,8,выше средней по университету,Бургер кинг,40,120,74,не призовут (по разным причинам),да,40,5,120,Марс,826,СоцГум,СоцГум,есть брат,В середине,1,1,2
20,165,38,2,2002,996,78,45,0,61,0,0,0,0,0,0,76,0,30,,0,,да,женский,да,Решка,Бумага,Кошек,2,ниже средней по университету,KFC,50,1100,69,не призовут (по разным причинам),нет,70,5,148,Баунти,620000,Педагогический,Математический и ИТ,есть брат,У окна (пардон: у иллюминатора),9,7,15
19,163,34,2,2003,30000,88,0,0,0,56,0,0,0,65,0,0,757,30,0,0,56,да,женский,нет,Решка,Ножницы,Кошек,7,выше средней по университету,KFC,70,130,69,не призовут (по разным причинам),да,50,2,150,КитКат,1500000,Педагогический,Естественный (биология-химия-физика-технари),есть сестра,У прохода,15,5,25
20,170,40,2,2002,18,87,70,0,0,73,0,0,0,73,0,59,638,35,0,0,,да,женский,нет,Орел,Камень,Собак,3,выше средней по университету,KFC,50,150,69,не призовут (по разным причинам),нет,45,6,150,Милки Вей,850000,Естественный (биология-химия-физика-технари),Естественный (биология-химия-физика-технари),есть сестра,У прохода,10,5,25
20,160,37,3,2002,544,100,5,0,0,0,84,0,0,0,0,0,25,60,0,0,45,нет,женский,нет,Орел,Бумага,Кошек,2,выше средней по университету,Макдональдс (или как он там сейчас называется?),0,0,69,не призовут (по разным причинам),да,50,7,360,Баунти,800000,Математический и ИТ,СоцГум,есть и брат и сестра,У прохода,0,0,0
31,165,38,7,1990,900,91,72,0,0,0,0,0,0,0,0,0,825,90,2,0,53,нет,женский,нет,Решка,Ножницы,Кошек,9,выше средней по университету,KFC,70,175,69,не призовут (по разным причинам),нет,50,3,60,Сникерс,800000,СоцГум,Другое,есть и брат и сестра,У окна (пардон: у иллюминатора),8,8,16
19,160,37,2,2003,187,86,80,0,0,0,0,0,0,0,0,83,0,130,3,0,60,да,женский,нет,Орел,Ножницы,Собак,6,выше средней по университету,KFC,70,180,71,не призовут (по разным причинам),нет,30,7,250,Баунти,800000,Педагогический,Педагогический,есть брат,У окна (пардон: у иллюминатора),11,9,39
22,168,38,7,1999,100,86,72,68,64,0,0,0,0,0,0,0,0,90,2,1,52,нет,женский,нет,Орел,Ножницы,Собак,10,выше средней по университету,Бургер кинг,80,200,69,не призовут (по разным причинам),нет,70,12,120,Милки Вей,950000,Педагогический,Математический и ИТ,есть сестра,У окна (пардон: у иллюминатора),7,11,25
26,165,38,7,1996,73,87,77,0,72,0,0,0,0,0,0,0,0,40,,,,нет,женский,нет,Решка,Ножницы,Кошек,6,выше средней по университету,KFC,70,150,69,не призовут (по разным причинам),нет,70,2,120,Твикс,850000,СоцГум,Математический и ИТ,есть и брат и сестра,У окна (пардон: у иллюминатора),12,8,25
19,197,46,3,2002,130,67,74,50,76,0,0,0,0,0,0,0,10,20,0,0,100,нет,мужской,да,Орел,Камень,Кошек,12,выше средней по университету,KFC,60,123,69,могут призвать,нет,23,14,40,Баунти,1500000,Педагогический,Математический и ИТ,есть и брат и сестра,У окна (пардон: у иллюминатора),23,5,23
23,181,42,5,1999,8,61,56,59,0,0,0,0,0,0,0,0,500,30,0,,,нет,мужской,нет,Орел,Ножницы,Собак,7,выше средней по университету,KFC,50,80,76,могут призвать,да,1.5,6,75,Милки Вей,870000,Педагогический,Другое,нет ни брата ни сестры,У прохода,6,5,22
23,187,44,7,1998,500,91,56,0,0,0,0,56,0,0,0,72,0,42,2,0,98,нет,мужской,нет,Орел,Ножницы,Собак,12,выше средней по университету,KFC,50,100,60,не призовут (по разным причинам),нет,15,4,270,Твикс,700000,СоцГум,СоцГум,есть сестра,У окна (пардон: у иллюминатора),10,5,15
20,170,42,2,2002,87,71,72,0,0,0,0,0,51,0,0,68,0,95,2,0,70,да,мужской,да,Орел,Камень,Кошек,3,ниже средней по университету,Бургер кинг,57,170,180,не призовут (по разным причинам),нет,4,1,900,Сникерс,500000,Педагогический,Математический и ИТ,есть сестра,У окна (пардон: у иллюминатора),9,12,27
21,176,43,2,2001,179,79,74,0,79,0,0,0,0,0,0,0,612,45,4,0,95,нет,мужской,нет,Решка,Камень,Кошек,7,выше средней по университету,Бургер кинг,50,120,78,могут призвать,нет,2,16,360,M&Ms,1000000,СоцГум,Экономический,есть брат,У окна (пардон: у иллюминатора),17,10,31
21,164,37,3,2001,500,85,68,0,0,0,72,0,0,0,0,91,250,90,3,0,65,да,женский,нет,Орел,Ножницы,Кошек,2,выше средней по университету,Макдональдс (или как он там сейчас называется?),50,100,65,не призовут (по разным причинам),нет,100,7,180,Сникерс,1000000,Естественный (биология-химия-физика-технари),Экономический,есть сестра,У окна (пардон: у иллюминатора),10,15,35
19,158,39,2,2003,11,91,62,0,68,0,91,0,0,0,0,0,2400,60,1,0,,простите. не увидел(а) вопроса )))),женский,нет,Орел,Ножницы,Кошек,3,выше средней по университету,Бургер кинг,70,160,69,не призовут (по разным причинам),да,70,8,30,Милки Вей,800000,СоцГум,Математический и ИТ,есть и брат и сестра,У окна (пардон: у иллюминатора),15,7,25
21,167,41,2,2001,72,72,62,0,0,0,0,0,87,0,0,0,0,40,,0,64,да,женский,да,Решка,Бумага,Ненавижу этих животных,2,ниже средней по университету,Бургер кинг,80,1800,67,не призовут (по разным причинам),нет,60,1,90,Натс,740000,Математический и ИТ,Естественный (биология-химия-физика-технари),есть и брат и сестра,У окна (пардон: у иллюминатора),12,15,45
19,165,37,3,2003,109,100,80,0,0,0,0,0,0,0,0,99,250,60,1,0,60,нет,женский,нет,Решка,Ножницы,Кошек,1,выше средней по университету,Макдональдс (или как он там сейчас называется?),55,120,65,не призовут (по разным причинам),нет,65,3,500,КитКат,900000,Естественный (биология-химия-физика-технари),Экономический,есть брат,У прохода,5,4,14
18,183,44,1,2003,200,66,72,0,78,0,0,0,0,0,0,0,1100,45,1,0,65,да,мужской,нет,Орел,Камень,Собак,11,выше средней по университету,KFC,85,260,75,могут призвать,нет,3,6,120,Сникерс,850000,Математический и ИТ,Математический и ИТ,есть сестра,У окна (пардон: у иллюминатора),9,8,31
26,179,42,7,1996,750,73,76,0,82,0,0,0,0,0,0,0,0,80,1,0,75,да,мужской,нет,Орел,Камень,Кошек,6,выше средней по университету,KFC,110,330,66,не призовут (по разным причинам),нет,15,6,120,Сникерс,800000,Математический и ИТ,Математический и ИТ,нет ни брата ни сестры,У окна (пардон: у иллюминатора),8,5,12
22,178,42,5,1999,30,91,76,50,62,0,0,0,0,0,0,0,189,60,1,0,7,нет,мужской,нет,Орел,Ножницы,Кошек,10,выше средней по университету,Макдональдс (или как он там сейчас называется?),70,350,70,могут призвать,нет,10,5,180,Сникерс,850000,СоцГум,Математический и ИТ,есть сестра,У окна (пардон: у иллюминатора),5,2,7
17,175,41,0,2004,152,96,80,0,83,0,0,0,0,0,0,0,0,25,1024,0,72,нет,мужской,нет,Орел,Ножницы,Собак,9,выше средней по университету,KFC,50,150,2048,могут призвать,нет,7,8,1000,КитКат,1,СоцГум,Математический и ИТ,нет ни брата ни сестры,У окна (пардон: у иллюминатора),3,2,5
23,158,35,7,1999,250,76,55,0,0,0,0,66,0,0,0,80,0,90,3,0,48,нет,мужской,нет,Решка,Ножницы,Кошек,7,выше средней по университету,Макдональдс (или как он там сейчас называется?),40,100,69,не призовут (по разным причинам),нет,55,6,1000,Твикс,780000,Математический и ИТ,Экономический,есть брат,У окна (пардон: у иллюминатора),10,8,20
20,157,36,3,2002,110,86,56,0,0,0,0,0,0,0,0,62,333,40,,,,да,женский,нет,Орел,Камень,Кошек,4,выше средней по университету,Макдональдс (или как он там сейчас называется?),70,100,70,не призовут (по разным причинам),нет,40,5,60,Скиттлс (хотя это и не шоколадка),700000,Математический и ИТ,Юридический,нет ни брата ни сестры,У окна (пардон: у иллюминатора),10,8,25
18,157,35,2,2003,128,69,0,0,0,0,0,38,0,0,0,78,0,90,0,0,59,да,женский,нет,Орел,Камень,Кошек,12,выше средней по университету,KFC,30,1200,69,не призовут (по разным причинам),нет,30,9,360,КитКат,1200000,СоцГум,СоцГум,нет ни брата ни сестры,У окна (пардон: у иллюминатора),11,15,35
19,166,38,1,2002,90,76,50,0,0,0,0,0,64,0,0,0,1200,180,,,49,да,женский,да,Орел,Бумага,Кошек,10,выше средней по университету,Макдональдс (или как он там сейчас называется?),60,120,2022,не призовут (по разным причинам),нет,50,18,240,КитКат,800000,Педагогический,Другое,есть и брат и сестра,У прохода,15,10,40
19,184,40,2,2003,188,82,65,0,91,0,0,0,0,0,0,0,0,120,2,0,,да,мужской,да,Решка,Бумага,Собак,1,выше средней по университету,Бургер кинг,60,120,60,не призовут (по разным причинам),нет,20,4,400,Сникерс,1000000,Математический и ИТ,Математический и ИТ,есть и брат и сестра,У окна (пардон: у иллюминатора),10,14,30
22,170,38,4,2000,311,85,70,0,75,0,0,0,0,0,0,0,0,60,1,0,,да,женский,нет,Решка,Ножницы,Кошек,2,выше средней по университету,Бургер кинг,60,140,1000,не призовут (по разным причинам),нет,80,4,120,Марс,780000,СоцГум,Математический и ИТ,нет ни брата ни сестры,У окна (пардон: у иллюминатора),7,15,40
19,175,41,2,2003,120,86,74,0,78,0,0,0,0,0,0,0,878,30,2,0,53,нет,мужской,нет,Орел,Ножницы,Собак,3,выше средней по университету,KFC,4,80,67,могут призвать,нет,10,3,1000,КитКат,800000,Естественный (биология-химия-физика-технари),Математический и ИТ,есть сестра,В середине,10,2,15
20,167,37,2,2002,46,98,76,0,0,0,0,0,0,84,0,0,0,40,0,0,55,нет,женский,нет,Решка,Ножницы,Кошек,7,выше средней по университету,KFC,60,90,62,не призовут (по разным причинам),нет,37,5,120,Баунти,830000,Математический и ИТ,Педагогический,есть брат,У окна (пардон: у иллюминатора),8,10,30
21,163,39,4,2000,633,82,68,0,68,0,0,9,0,0,0,0,0,60,,4,88,нет,женский,нет,Орел,Ножницы,Кошек,7,выше средней по университету,Макдональдс (или как он там сейчас называется?),56,125,67,не призовут (по разным причинам),нет,56,20,328,Сникерс,850,Математический и ИТ,Математический и ИТ,нет ни брата ни сестры,У окна (пардон: у иллюминатора),3,5,12
19,187,43,2,2003,46,81,78,72,87,0,0,0,0,0,0,0,916,25,1.5,2,92,нет,мужской,нет,Решка,Ножницы,Кошек,4,выше средней по университету,KFC,65,155,65,не призовут (по разным причинам),нет,4,6,140,Скиттлс (хотя это и не шоколадка),600000,Математический и ИТ,Математический и ИТ,есть и брат и сестра,У окна (пардон: у иллюминатора),7,12,32
17,168,39,0,2004,110,91,72,0,83,0,0,0,0,0,0,0,0,60,0,0,71,простите. не увидел(а) вопроса )))),женский,нет,Решка,Ножницы,Кошек,9,выше средней по университету,Макдональдс (или как он там сейчас называется?),35,70,67,не призовут (по разным причинам),нет,30,6,1000,Марс,800000,Экономический,Математический и ИТ,есть брат,У окна (пардон: у иллюминатора),5,7,15
18,165,36,1,2003,180,72,70,0,70,0,0,0,0,0,0,0,200,100,2,0,46,да,женский,да,Решка,Ножницы,Кошек,12,выше средней по университету,KFC,70,150,73,не призовут (по разным причинам),нет,60,12,240,Баунти,850000,СоцГум,Математический и ИТ,нет ни брата ни сестры,У окна (пардон: у иллюминатора),20,10,40
19,182,43,2,2003,50,76,74,0,92,0,0,0,0,0,0,0,0,15,2,0,72,нет,мужской,да,Орел,Бумага,Собак,3,выше средней по университету,KFC,50,100,70,могут призвать,нет,5,1,120,Твикс,760000,Математический и ИТ,Математический и ИТ,есть и брат и сестра,У окна (пардон: у иллюминатора),8,8,20
26,167,37,7,1995,209,98,80,0,73,0,0,0,0,0,0,0,0,90,1,0,59,да,женский,нет,Решка,Камень,Собак,12,выше средней по университету,Макдональдс (или как он там сейчас называется?),76,178,68,не призовут (по разным причинам),нет,60,4,120,Баунти,800000,СоцГум,Математический и ИТ,нет ни брата ни сестры,У окна (пардон: у иллюминатора),11,13,35
21,174,41,3,2001,139,76,90,0,79,0,0,0,0,0,78,0,693,30,,,60,нет,мужской,нет,Орел,Ножницы,Кошек,3,выше средней по университету,KFC,70,150,69,могут призвать,нет,7,4,5,Твикс,400000,Естественный (биология-химия-физика-технари),Математический и ИТ,есть сестра,У окна (пардон: у иллюминатора),12,2,16
19,162,40,1,2003,147,86,78,0,73,0,0,0,0,0,85,0,400,20,0,0,52,да,женский,нет,Решка,Бумага,Кошек,6,выше средней по университету,Макдональдс (или как он там сейчас называется?),50,100,68,не призовут (по разным причинам),нет,15,5,240,Скиттлс (хотя это и не шоколадка),900000,Педагогический,Математический и ИТ,есть и брат и сестра,У окна (пардон: у иллюминатора),12,11,30
20,171,39,2,2002,284,87,74,0,75,0,0,0,0,0,0,0,0,180,1,0,,да,женский,нет,Решка,Камень,Кошек,3,выше средней по университету,Макдональдс (или как он там сейчас называется?),60,100,56,не призовут (по разным причинам),нет,20,9,200,КитКат,800000,Математический и ИТ,Математический и ИТ,нет ни брата ни сестры,У окна (пардон: у иллюминатора),5,2,10
18,177,42,2,2003,15,86,74,51,62,0,0,0,0,0,0,0,1101,30,2,1,80,нет,мужской,нет,Орел,Ножницы,Кошек,8,выше средней по университету,Бургер кинг,70,150,69,могут призвать,нет,20,8,240,M&Ms,800000,Математический и ИТ,Математический и ИТ,есть сестра,В середине,9,9,42
24,163,39,6,1998,200,88,70,0,0,0,0,0,0,0,0,70,10,120,0,1,84,нет,женский,нет,Решка,Ножницы,Кошек,5,выше средней по университету,KFC,75,200,67,не призовут (по разным причинам),нет,12,7,240,M&Ms,954765,Педагогический,Педагогический,нет ни брата ни сестры,У окна (пардон: у иллюминатора),12,10,42
21,180,41,2,2001,250,94,72,0,0,0,0,86,0,0,90,71,0,40,2,0,85,нет,женский,нет,Решка,Бумага,Собак,4,выше средней по университету,KFC,50,110,74,не призовут (по разным причинам),нет,40,7,600,КитКат,800000,Педагогический,СоцГум,есть сестра,У прохода,10,13,30
18,173,40,2,2003,208,88,62,0,0,0,0,0,0,0,0,64,0,60,1,,53,да,женский,нет,Решка,Ножницы,Кошек,12,ниже средней по университету,Макдональдс (или как он там сейчас называется?),50,100,68,не призовут (по разным причинам),нет,50,15,120,Сникерс,999999,СоцГум,Юридический,есть сестра,У окна (пардон: у иллюминатора),5,10,20
19,167,39,2,2003,76,92,0,0,0,0,0,81,0,0,0,86,200,120,2,0,65,да,женский,нет,Орел,Ножницы,Собак,1,выше средней по университету,Бургер кинг,6,13,65,не призовут (по разным причинам),нет,60,10,300,Милки Вей,950000,Математический и ИТ,Юридический,нет ни брата ни сестры,У окна (пардон: у иллюминатора),8,14,25
21,158,35,3,2001,500,78,56,0,0,0,0,0,67,0,0,58,300,40,0,0,,да,женский,да,Орел,Ножницы,Кошек,5,выше средней по университету,Бургер кинг,60,120,60,не призовут (по разным причинам),нет,100,1,600,КитКат,700000,Математический и ИТ,Другое,есть брат,У окна (пардон: у иллюминатора),12,15,30
20,170,38,3,2002,515,92,0,0,0,0,0,70,0,0,95,0,0,40,2,1,47,нет,женский,нет,Орел,Ножницы,Кошек,7,выше средней по университету,KFC,0,0,70,не призовут (по разным причинам),нет,70,5,105,КитКат,700000,Математический и ИТ,СоцГум,есть брат,У окна (пардон: у иллюминатора),15,12,3
21,171,42,3,2001,90,86,70,0,83,0,0,0,0,0,0,0,0,90,0,0,55,да,мужской,нет,Решка,Бумага,Кошек,7,выше средней по университету,KFC,70,210,42,могут призвать,нет,15,1,120,Баунти,800000,Педагогический,Математический и ИТ,есть и брат и сестра,У окна (пардон: у иллюминатора),15,8,50
20,167,37,3,2002,129,78,0,0,0,0,0,0,0,53,0,0,866,90,2,0,51,да,женский,нет,Орел,Ножницы,Собак,5,выше средней по университету,Бургер кинг,70,150,70,не призовут (по разным причинам),нет,10,9,120,Твикс,700000,Естественный (биология-химия-физика-технари),Другое,есть сестра,У окна (пардон: у иллюминатора),5,7,22
24,164,37,7,1988,104,76,100,0,0,0,53,0,0,0,76,52,800,90,,,,да,женский,нет,Орел,Камень,Собак,4,выше средней по университету,KFC,45,150,63,не призовут (по разным причинам),нет,50,3,120,Милки Вей,1200000,Математический и ИТ,СоцГум,нет ни брата ни сестры,У прохода,10,15,24
19,160,38,1,2003,494,69,39,0,0,0,0,0,67,0,0,0,0,120,1,,52,нет,женский,нет,Орел,Ножницы,Кошек,5,выше средней по университету,Макдональдс (или как он там сейчас называется?),50,130,70,не призовут (по разным причинам),нет,45,2,180,Твикс,700,Математический и ИТ,Естественный (биология-химия-физика-технари),есть брат,У окна (пардон: у иллюминатора),10,6,14
23,157,37,7,1998,201,98,62,0,0,0,0,72,0,0,0,62,0,30,3,0,51,да,женский,нет,Орел,Камень,Кошек,10,выше средней по университету,KFC,155,70,72,не призовут (по разным причинам),нет,45,1,180,Баунти,8,Педагогический,Педагогический,есть брат,У окна (пардон: у иллюминатора),8,15,30
22,184,45,5,1999,172,76,68,80,50,0,0,0,0,0,0,0,658,30,2,0,92,да,мужской,нет,Решка,Камень,Кошек,9,выше средней по университету,KFC,65,130,71,могут призвать,да,45,2,180,Твикс,1180000,СоцГум,Математический и ИТ,есть брат,У окна (пардон: у иллюминатора),15,10,38
24,166,38,6,1998,288,68,72,0,0,0,0,0,0,0,0,56,200,90,2,1,61,да,женский,нет,Орел,Ножницы,Собак,1,выше средней по университету,Бургер кинг,24,48,71,не призовут (по разным причинам),нет,92,6,165,Натс,879962,Педагогический,Педагогический,есть сестра,У окна (пардон: у иллюминатора),5,16,21
20,171,39,3,2001,185,78,76,0,0,0,0,0,83,0,0,0,110,60,2,0,66,нет,женский,нет,Решка,Ножницы,Кошек,12,выше средней по университету,KFC,100,150,67,не призовут (по разным причинам),нет,40,4,120,КитКат,800000,Естественный (биология-химия-физика-технари),Другое,есть сестра,У прохода,8,16,35
20,164,37,2,2002,111,89,80,76,0,0,0,0,0,0,0,0,800,60,6,2,49,да,женский,нет,Решка,Камень,Собак,4,выше средней по университету,Бургер кинг,70,13,69,не призовут (по разным причинам),нет,31,4,765446788,Натс,800000,Математический и ИТ,Естественный (биология-химия-физика-технари),есть брат,У окна (пардон: у иллюминатора),2,1.7,3.6
22,173,41,4,2000,300,85,62,0,0,0,0,62,0,0,0,83,1500,20,1,4,115,нет,женский,нет,Решка,Ножницы,Собак,4,выше средней по университету,Бургер кинг,50,150,74,не призовут (по разным причинам),нет,25,11,300,КитКат,900000,Математический и ИТ,Экономический,нет ни брата ни сестры,У окна (пардон: у иллюминатора),10,2,25
23,168,37,5,1998,347,83,70,0,0,0,0,0,0,0,0,68,0,10,2.5,0,53,нет,женский,нет,Решка,Камень,Кошек,12,выше средней по университету,KFC,75,185,68,не призовут (по разным причинам),нет,60,3,300,Баунти,890000,Педагогический,Экономический,есть сестра,У окна (пардон: у иллюминатора),13,13,40
24,167,41,5,1997,1776,78,0,0,0,0,0,81,0,0,0,76,0,90,0,3,71,нет,мужской,нет,Орел,Бумага,Собак,12,выше средней по университету,Бургер кинг,70,200,90,могут призвать,нет,3,11,240,КитКат,850000,Математический и ИТ,Экономический,есть брат,У окна (пардон: у иллюминатора),15,8,30
19,153,37,3,2002,70,83,0,0,0,0,0,67,0,0,0,73,0,120,2,,46,да,женский,нет,Решка,Ножницы,Собак,11,выше средней по университету,Макдональдс (или как он там сейчас называется?),100,0,67,не призовут (по разным причинам),нет,70,4,100000000000,Сникерс,700000,Математический и ИТ,Юридический,есть брат,У прохода,20,19,60
19,180,44,2,2003,85,94,0,0,0,0,90,0,0,0,92,0,1000,120,,0,75,нет,мужской,нет,Решка,Бумага,Собак,1,выше средней по университету,Бургер кинг,50,100,100000,могут призвать,нет,25,1,240,Марс,850000,Естественный (биология-химия-физика-технари),СоцГум,есть сестра,У окна (пардон: у иллюминатора),16,25,40
21,171,39,7,2000,63,98,56,0,0,0,0,0,61,0,0,0,80,60,1,0,77,нет,женский,нет,Решка,Камень,Кошек,9,выше средней по университету,KFC,50,120,74,не призовут (по разным причинам),нет,30,2,180,Натс,800000,Естественный (биология-химия-физика-технари),Естественный (биология-химия-физика-технари),есть и брат и сестра,У окна (пардон: у иллюминатора),15,8,26
22,181,42,5,1999,149,93,72,58,0,0,0,0,0,0,0,62,2050,30,,,64,да,мужской,нет,Орел,Ножницы,Кошек,9,выше средней по университету,KFC,50,125,65,могут призвать,да,5,2,300,КитКат,850000,Естественный (биология-химия-физика-технари),Другое,нет ни брата ни сестры,У окна (пардон: у иллюминатора),9,13,30
19,163,37,2,2002,291,91,76,0,0,0,0,0,0,0,0,88,0,120,1,0,46,да,женский,нет,Орел,Ножницы,Ненавижу этих животных,11,выше средней по университету,KFC,60,130,65,не призовут (по разным причинам),нет,24,6,360,Твикс,800000,Педагогический,Экономический,есть и брат и сестра,У окна (пардон: у иллюминатора),13,10,30
21,175,43,5,2000,400,89,0,0,0,0,0,76,0,0,0,80,0,90,0,1,62,нет,мужской,нет,Орел,Ножницы,Собак,10,выше средней по университету,Макдональдс (или как он там сейчас называется?),60,127,69,могут призвать,нет,12,4,240,Сникерс,700000,Педагогический,Юридический,есть и брат и сестра,У окна (пардон: у иллюминатора),8,3,19
21,168,37,7,2000,87,78,82,0,0,0,0,0,0,0,92,66,0,60,0,0,,нет,женский,нет,Орел,Камень,Кошек,11,выше средней по университету,KFC,55,110,70,не призовут (по разным причинам),нет,45,4,60,Баунти,1000000,СоцГум,Экономический,есть брат,У окна (пардон: у иллюминатора),5,10,25
18,168,40,1,2003,300,98,80,0,0,0,0,0,0,0,0,97,800,90,4,0,70,нет,женский,нет,Орел,Камень,Собак,10,выше средней по университету,Бургер кинг,73,142,62,не призовут (по разным причинам),нет,75,13,40,Твикс,730000,Педагогический,Экономический,есть брат,У окна (пардон: у иллюминатора),13,10,50
19,180,41,1,2003,250,90,90,95,0,0,0,0,0,0,0,0,0,30,,,68,нет,мужской,нет,Орел,Камень,Ненавижу этих животных,4,выше средней по университету,Макдональдс (или как он там сейчас называется?),50,150,9999,могут призвать,нет,5,3,120,Милки Вей,1000000,Математический и ИТ,Математический и ИТ,есть брат,У окна (пардон: у иллюминатора),9,6,13
24,163,39,7,1997,74,87,40,0,0,0,0,0,0,0,0,64,750,40,,,,да,женский,нет,Решка,Ножницы,Собак,11,выше средней по университету,Бургер кинг,70,200,70,не призовут (по разным причинам),нет,25,4,180,Натс,850000,СоцГум,Педагогический,есть брат,У окна (пардон: у иллюминатора),10,5,21
19,160,36,2,2002,1000,82,0,0,0,0,63,0,0,0,0,0,1000,120,,,50,нет,женский,нет,Орел,Ножницы,Кошек,11,выше средней по университету,KFC,5,100,60,не призовут (по разным причинам),нет,80,11,180,Баунти,1000000,Математический и ИТ,СоцГум,есть и брат и сестра,У окна (пардон: у иллюминатора),3,4,5
20,167,39,3,2001,180,70,27,0,0,0,0,0,55,0,0,70,900,180,2,5,57,нет,женский,нет,Решка,Бумага,Кошек,10,выше средней по университету,KFC,5,100,66,не призовут (по разным причинам),нет,45,8,840,Твикс,80,Математический и ИТ,Другое,нет ни брата ни сестры,У окна (пардон: у иллюминатора),8,5,12
21,159,36,5,2000,520,85,16,0,0,0,0,58,0,0,0,78,1006,50,2,0,46,да,женский,нет,Орел,Ножницы,Кошек,11,выше средней по университету,Бургер кинг,70,150,69,не призовут (по разным причинам),нет,39,4,300,Баунти,780000,Математический и ИТ,Юридический,есть брат,У окна (пардон: у иллюминатора),10,8,25
21,168,39,4,2001,400,91,100,0,0,0,77,0,0,0,0,81,1200,60,3,0,66,да,женский,нет,Решка,Ножницы,Собак,6,выше средней по университету,Макдональдс (или как он там сейчас называется?),75,130,70,не призовут (по разным причинам),нет,60,5,200,Твикс,800000,Естественный (биология-химия-физика-технари),СоцГум,есть сестра,У окна (пардон: у иллюминатора),10,10,35
21,161,36,3,2001,12,91,18,0,0,0,0,0,0,0,0,68,0,120,0,0,53,нет,женский,нет,Решка,Ножницы,Кошек,2,выше средней по университету,KFC,9,20,70,не призовут (по разным причинам),нет,30,12,240,Милки Вей,800000,Педагогический,Педагогический,нет ни брата ни сестры,У прохода,5,15,40
21,168,40,4,2001,100,91,45,0,0,0,64,0,0,0,0,76,700,40,,1,,да,женский,да,Решка,Ножницы,Кошек,3,выше средней по университету,Макдональдс (или как он там сейчас называется?),40,80,69,не призовут (по разным причинам),нет,50,7,200,Натс,2.6,Экономический,СоцГум,нет ни брата ни сестры,У прохода,6,10,30
22,161,38,7,2000,50,91,74,0,0,0,0,0,0,61,0,0,0,45,,,52,нет,женский,нет,Орел,Бумага,Кошек,5,выше средней по университету,KFC,65,200,68,не призовут (по разным причинам),нет,40,6,1800,Натс,850000,Математический и ИТ,Другое,есть брат,У окна (пардон: у иллюминатора),5,13,35
21,160,37,4,2001,221,94,76,0,0,0,0,0,0,0,0,81,0,90,,,50,простите. не увидел(а) вопроса )))),женский,нет,Орел,Камень,Кошек,4,выше средней по университету,Бургер кинг,55,120,69,не призовут (по разным причинам),нет,50,16,0,Сникерс,800000,Педагогический,Экономический,нет ни брата ни сестры,У окна (пардон: у иллюминатора),9,10,32
22,168,38,4,2000,49,100,56,0,0,0,0,0,0,0,0,68,616,60,0,0,,да,женский,нет,Орел,Ножницы,Кошек,4,ниже средней по университету,Бургер кинг,50,150,69,не призовут (по разным причинам),нет,40,4,240,КитКат,500000,Педагогический,Экономический,нет ни брата ни сестры,У окна (пардон: у иллюминатора),10,5,20
20,162,37,2,2002,70,82,0,0,0,0,0,88,0,0,0,82,1093,60,0,0,50,нет,женский,нет,Орел,Камень,Кошек,6,выше средней по университету,Макдональдс (или как он там сейчас называется?),50,100,69,не призовут (по разным причинам),нет,20,14,540,Твикс,900,СоцГум,Юридический,есть сестра,У прохода,4,11,25
21,164,37,4,2000,260,86,0,0,0,0,82,0,0,0,0,88,0,30,0,0,57,да,женский,нет,Орел,Бумага,Кошек,12,выше средней по университету,Макдональдс (или как он там сейчас называется?),50,80,67,не призовут (по разным причинам),нет,45,2,60,Милки Вей,900000,Математический и ИТ,СоцГум,есть брат,У окна (пардон: у иллюминатора),10,6,30
29,176,39,7,1992,233,72,69,0,0,0,0,0,0,0,0,81,0,30,2,1,70,нет,женский,нет,Орел,Ножницы,Кошек,10,выше средней по университету,Бургер кинг,0,0,72,могут призвать,нет,10,17,60,Сникерс,850000,Математический и ИТ,Экономический,есть сестра,У окна (пардон: у иллюминатора),7,11,30
20,158,37,3,2001,21,91,56,0,0,0,0,0,65,0,0,0,0,80,0.5,0,44,да,женский,нет,Орел,Бумага,Кошек,10,выше средней по университету,Бургер кинг,100,700,60,не призовут (по разным причинам),нет,25,7,120,Милки Вей,700000,Математический и ИТ,Естественный (биология-химия-физика-технари),нет ни брата ни сестры,У прохода,9,10,35
18,176,38,2,2003,183,90,0,0,0,0,59,0,0,0,95,55,727,120,1,0,58,простите. не увидел(а) вопроса )))),женский,нет,Решка,Ножницы,Кошек,11,выше средней по университету,Бургер кинг,50,150,68,не призовут (по разным причинам),нет,70,15,240,Марс,854627,Естественный (биология-химия-физика-технари),СоцГум,есть сестра,У окна (пардон: у иллюминатора),16,13,28
21,162,38,7,2000,150,89,0,0,0,0,0,65,0,0,40,0,27,120,3,1,52,да,женский,нет,Решка,Ножницы,Кошек,8,ниже средней по университету,Бургер кинг,50,130,70,не призовут (по разным причинам),нет,60,1,300,Твикс,800000,СоцГум,СоцГум,есть и брат и сестра,У окна (пардон: у иллюминатора),13,12,40
23,155,36,6,1999,90,91,51,0,0,0,0,0,0,0,0,71,0,90,1,0,50,нет,женский,нет,Решка,Камень,Кошек,4,выше средней по университету,Бургер кинг,80,150,69,не призовут (по разным причинам),нет,70,8,100,Баунти,900000,Математический и ИТ,Математический и ИТ,есть сестра,У окна (пардон: у иллюминатора),5,4,3
21,170,39,4,2001,123,76,0,0,0,0,0,72,0,0,0,72,200,90,2.5,1,,нет,женский,нет,Орел,Камень,Кошек,4,выше средней по университету,KFC,7,140,68,не призовут (по разным причинам),нет,50,4,360,Сникерс,800000,СоцГум,Юридический,есть и брат и сестра,У окна (пардон: у иллюминатора),3,2,7
20,176,42,3,2001,80,85,0,0,0,0,0,71,0,0,0,85,0,45,2,0,62,да,мужской,нет,Орел,Ножницы,Кошек,12,выше средней по университету,KFC,80,100,68,могут призвать,нет,2,2,120,Сникерс,700000,СоцГум,Юридический,есть сестра,У окна (пардон: у иллюминатора),5,5,20
21,167,36,4,2000,120,98,56,0,0,0,0,0,0,67,0,66,350,60,2,,50,простите. не увидел(а) вопроса )))),женский,нет,Решка,Ножницы,Собак,12,выше средней по университету,Бургер кинг,40,120,67,не призовут (по разным причинам),нет,45,4,120,Твикс,8000000,Педагогический,Педагогический,есть сестра,У окна (пардон: у иллюминатора),10,5,25
23,168,39,7,1999,228,93,68,0,0,0,0,0,0,82,0,0,640,120,1.5,,59,да,женский,нет,Решка,Бумага,Кошек,3,выше средней по университету,KFC,65,115,69,не призовут (по разным причинам),нет,30,11,300,Твикс,770000,Естественный (биология-химия-физика-технари),Естественный (биология-химия-физика-технари),нет ни брата ни сестры,У окна (пардон: у иллюминатора),13,23,45
19,169,38,1,2003,0,73,5,0,0,0,0,83,0,0,63,0,0,20,0,0,43,да,женский,нет,Орел,Бумага,Ненавижу этих животных,1,выше средней по университету,Макдональдс (или как он там сейчас называется?),10,150,67,не призовут (по разным причинам),да,45,3,75,M&Ms,1250000,Педагогический,СоцГум,есть сестра,У окна (пардон: у иллюминатора),8,9,15
18,161,37,2,2003,11,98,0,0,0,0,0,0,0,56,0,65,710,40,2,1,51,да,женский,нет,Орел,Ножницы,Собак,9,выше средней по университету,Бургер кинг,42,970,64,не призовут (по разным причинам),нет,40,1,460,Твикс,1000000,Естественный (биология-химия-физика-технари),Другое,есть и брат и сестра,У окна (пардон: у иллюминатора),9,16,35
19,169,41,1,2003,22,82,86,0,0,0,0,0,0,0,0,75,463,120,1,,62,нет,женский,нет,Орел,Бумага,Кошек,2,выше средней по университету,Бургер кинг,70,150,75,не призовут (по разным причинам),нет,150,14,540,Твикс,850000,Естественный (биология-химия-физика-технари),Математический и ИТ,есть брат,У окна (пардон: у иллюминатора),9,15,25
18,164,39,2,2003,500,94,5,0,0,0,100,0,0,0,95,0,0,120,2,1,54,да,женский,нет,Орел,Ножницы,Кошек,8,выше средней по университету,KFC,50,150,70,не призовут (по разным причинам),нет,60,5,400,Твикс,800000,Юридический,СоцГум,нет ни брата ни сестры,У окна (пардон: у иллюминатора),7,10,35